"2006","100","03-08-2022 21:21:44","1112067","3","0","Adriany Bazan","B. Zaragoza","5","","1",""
"2006","100","03-08-2022 21:20:38","1112067","2","0","Adriany Bazan","B. Zaragoza","5","","1",""
"2006","100","03-08-2022 21:18:05","1112067","2","0","Adriany Bazan","B. Zaragoza","5","","1",""
"2006","100","03-08-2022 21:13:46","1112067","3","0","Adriany Bazan","B. Zaragoza","5","","1",""
"2006","100","03-08-2022 18:27:04","1112067","3","0","Adriany Bazan","B. Zaragoza","5","","1",""
"2006","100","03-08-2022 18:25:46","1112067","3","0","Adriany Bazan","B. Zaragoza","5","","1",""
"2006","100","03-08-2022 15:59:13","1112128","1","0","Adriany Bazan","B. Zaragoza","5","","1",""
"2006","100","03-08-2022 15:59:13","ALO-0010","1","0","Adriany Bazan","B. Zaragoza","5","","1",""
"2006","100","03-08-2022 15:59:13","VAO-0011","2","0","Adriany Bazan","B. Zaragoza","5","","1",""
"2006","100","03-08-2022 15:47:56","1112067","1","0","Adriany Bazan","B. Zaragoza","5","","1",""
"2006","100","03-08-2022 15:47:56","1112128","2","0","Adriany Bazan","B. Zaragoza","5","","1",""
"2006","100","03-08-2022 15:37:22","1112067","3","0","Adriany Bazan","B. Zaragoza","5","","1",""
"2006","100","03-08-2022 15:37:22","1112128","4","0","Adriany Bazan","B. Zaragoza","5","","1",""
"2006","100","03-08-2022 15:37:22","ALO-0010","3","0","Adriany Bazan","B. Zaragoza","5","","1",""
"2006","100","03-08-2022 15:32:23","ALO-0017","1","0","Adriany Bazan","B. Zaragoza","5","","1",""
"2006","100","03-08-2022 15:32:23","ALO-0015","1","0","Adriany Bazan","B. Zaragoza","5","","1",""
"2006","100","03-08-2022 15:32:23","1112067","1","0","Adriany Bazan","B. Zaragoza","5","","1",""
"2006","100","03-08-2022 15:32:23","1112128","2","0","Adriany Bazan","B. Zaragoza","5","","1",""
"2006","100","03-08-2022 15:32:23","AAP-0006","2","0","Adriany Bazan","B. Zaragoza","5","","1",""
"2006","100","19-07-2022 21:57:56","1101038","4","0","Adriany Bazan","B. Zaragoza","5","","1",""
